district,risk_window_start,price_at_start,bottom_date,bottom_price,total_drop_pct,price_down_15pct_date,first_high_alert,lead_days_to_bottom,lead_days_before_15pct_fall
Bengaluru,2023-01-18,2875.0,2023-02-03,1250.0,56.5,2023-01-23,2023-01-10,24.0,13.0
Bengaluru,2023-02-15,2600.0,2023-03-03,1400.0,46.2,2023-02-17,2023-02-05,26.0,12.0
Bengaluru,2023-03-04,1600.0,2023-03-28,500.0,68.8,2023-03-14,2023-02-22,34.0,20.0
Bengaluru,2023-04-24,875.0,2023-04-26,500.0,42.9,2023-04-26,,,
Bengaluru,2023-06-01,2800.0,2023-06-03,1600.0,42.9,2023-06-02,2023-05-28,6.0,5.0
Bengaluru,2023-07-29,10000.0,2023-09-13,550.0,94.5,2023-08-06,2023-07-19,56.0,18.0
Bengaluru,2023-09-28,1000.0,2023-09-30,550.0,45.0,2023-09-30,2023-09-29,1.0,1.0
Bengaluru,2023-10-28,2000.0,2023-11-04,1200.0,40.0,2023-10-31,2023-10-21,14.0,10.0
Bengaluru,2023-11-08,3350.0,2023-11-13,2000.0,40.3,2023-11-09,2023-10-29,15.0,11.0
Bengaluru,2023-11-19,4000.0,2023-12-03,1900.0,52.5,2023-11-20,2023-11-09,24.0,11.0
Bengaluru,2024-01-03,2400.0,2024-01-15,1300.0,45.8,2024-01-08,2023-12-24,22.0,15.0
Bengaluru,2024-02-05,2200.0,2024-02-16,800.0,63.6,2024-02-07,2024-01-28,19.0,10.0
Bengaluru,2024-02-21,2000.0,2024-02-29,800.0,60.0,2024-02-22,2024-02-11,18.0,11.0
Bengaluru,2024-02-28,1800.0,2024-02-29,800.0,55.6,2024-02-29,2024-02-21,8.0,8.0
Bengaluru,2024-06-19,8500.0,2024-07-03,4000.0,52.9,2024-06-20,2024-06-19,14.0,1.0
Bengaluru,2024-07-14,5000.0,2024-08-09,1000.0,80.0,2024-07-22,2024-07-05,35.0,17.0
Bengaluru,2024-10-03,7000.0,2024-10-10,3750.0,46.4,2024-10-04,2024-09-28,12.0,6.0
Bengaluru,2024-10-16,4500.0,2024-11-01,2000.0,55.6,2024-10-20,2024-10-11,21.0,9.0
Bengaluru,2024-11-02,3000.0,2024-11-12,1600.0,46.7,2024-11-04,2024-10-23,20.0,12.0
Bengaluru,2024-11-21,2500.0,2024-12-16,1350.0,46.0,2024-12-13,2024-11-11,35.0,32.0
Bengaluru,2025-02-10,1600.0,2025-02-28,800.0,50.0,2025-02-14,2025-01-31,28.0,14.0
Bengaluru,2025-03-06,1100.0,2025-03-16,500.0,54.5,2025-03-12,,,
Bengaluru,2025-03-24,1200.0,2025-04-04,500.0,58.3,2025-03-25,2025-03-17,18.0,8.0
Bengaluru,2025-08-20,3800.0,2025-09-17,1200.0,68.4,2025-08-23,2025-08-13,35.0,10.0
Bengaluru,2025-09-16,1700.0,2025-10-02,1000.0,41.2,2025-09-17,2025-09-08,24.0,9.0
Bengaluru,2025-11-24,5350.0,2025-12-07,2500.0,53.3,2025-11-27,2025-11-14,23.0,13.0
Bengaluru,2025-12-16,5000.0,2025-12-23,2600.0,48.0,2025-12-17,2025-12-06,17.0,11.0
Chamarajanagar,2023-01-17,2100.0,2023-01-28,900.0,57.1,2023-01-18,2023-01-10,18.0,8.0
Chamarajanagar,2023-02-13,2000.0,2023-02-27,1100.0,45.0,2023-02-18,2023-02-03,24.0,15.0
Chamarajanagar,2023-02-28,1500.0,2023-04-01,350.0,76.7,2023-03-03,2023-02-18,42.0,13.0
Chamarajanagar,2023-05-14,1300.0,2023-05-25,450.0,65.4,2023-05-15,,,
Chamarajanagar,2023-07-29,8000.0,2023-09-09,500.0,93.8,2023-08-07,2023-07-19,52.0,19.0
Chamarajanagar,2023-09-04,1000.0,2023-09-15,400.0,60.0,2023-09-06,2023-09-04,11.0,2.0
Chamarajanagar,2023-09-14,650.0,2023-09-26,350.0,46.2,2023-09-15,2023-09-04,22.0,11.0
Chamarajanagar,2023-10-07,1000.0,2023-10-17,400.0,60.0,2023-10-09,2023-10-07,10.0,2.0
Chamarajanagar,2023-10-12,700.0,2023-10-17,400.0,42.9,2023-10-13,2023-10-07,10.0,6.0
Chamarajanagar,2023-10-16,700.0,2023-10-17,400.0,42.9,2023-10-17,2023-10-07,10.0,10.0
Chamarajanagar,2023-11-04,1700.0,2023-11-11,1000.0,41.2,2023-11-08,2023-10-30,12.0,9.0
Chamarajanagar,2023-12-05,2500.0,2023-12-09,1500.0,40.0,2023-12-06,2023-11-27,12.0,9.0
Chamarajanagar,2023-12-11,2500.0,2023-12-23,1400.0,44.0,2023-12-12,2023-12-02,21.0,10.0
Chamarajanagar,2024-01-01,2200.0,2024-01-13,1000.0,54.5,2024-01-02,2023-12-22,22.0,11.0
Chamarajanagar,2024-02-07,1950.0,2024-02-29,450.0,76.9,2024-02-08,2024-01-28,32.0,11.0
Chamarajanagar,2024-03-05,1100.0,2024-03-09,600.0,45.5,2024-03-07,2024-03-04,5.0,3.0
Chamarajanagar,2024-04-04,2200.0,2024-04-16,800.0,63.6,2024-04-06,2024-03-25,22.0,12.0
Chamarajanagar,2024-04-26,1700.0,2024-05-06,1000.0,41.2,2024-04-27,2024-04-18,18.0,9.0
Chamarajanagar,2024-05-24,2750.0,2024-06-03,1300.0,52.7,2024-05-25,2024-05-17,17.0,8.0
Chamarajanagar,2024-06-05,2700.0,2024-06-06,1500.0,44.4,2024-06-06,2024-05-28,9.0,9.0
Chamarajanagar,2024-06-19,3900.0,2024-07-03,1800.0,53.8,2024-06-22,2024-06-11,22.0,11.0
Chamarajanagar,2024-07-17,3100.0,2024-08-10,600.0,80.6,2024-07-24,2024-07-07,34.0,17.0
Chamarajanagar,2024-09-06,1400.0,2024-09-17,800.0,42.9,2024-09-07,2024-09-10,7.0,-3.0
Chamarajanagar,2024-09-18,1900.0,2024-09-25,1000.0,47.4,2024-09-19,2024-09-10,15.0,9.0
Chamarajanagar,2024-10-16,3700.0,2024-10-26,2000.0,45.9,2024-10-19,2024-10-07,19.0,12.0
Chamarajanagar,2024-10-28,3500.0,2024-11-12,1100.0,68.6,2024-10-29,2024-10-18,25.0,11.0
Chamarajanagar,2024-12-02,2900.0,2024-12-14,1000.0,65.5,2024-12-12,2024-11-27,17.0,15.0
Chamarajanagar,2025-01-10,1400.0,2025-01-22,700.0,50.0,2025-01-11,2025-01-14,8.0,-3.0
Chamarajanagar,2025-02-28,1100.0,2025-03-13,500.0,54.5,2025-03-03,2025-02-28,13.0,3.0
Chamarajanagar,2025-05-12,1750.0,2025-05-20,1000.0,42.9,2025-05-13,2025-05-06,14.0,7.0
Chamarajanagar,2025-05-26,1750.0,2025-06-02,825.0,52.9,2025-05-27,2025-05-26,7.0,1.0
Chamarajanagar,2025-07-18,14000.0,2025-07-19,1750.0,87.5,2025-07-19,2025-07-11,8.0,8.0
Chamarajanagar,2025-07-29,2750.0,2025-08-12,1300.0,52.7,2025-08-02,2025-08-05,7.0,-3.0
Chamarajanagar,2025-08-22,2400.0,2025-09-19,975.0,59.4,2025-08-29,2025-08-15,35.0,14.0
Chamarajanagar,2025-09-22,1750.0,2025-10-06,1050.0,40.0,2025-09-27,2025-09-24,12.0,3.0
Chikkamagaluru,2023-01-21,1923.0,2023-02-11,800.0,58.4,2023-01-30,2023-01-11,31.0,19.0
Chikkamagaluru,2023-02-07,1450.0,2023-02-11,800.0,44.8,2023-02-08,2023-01-28,14.0,11.0
Chikkamagaluru,2023-02-20,1900.5,2023-04-02,250.0,86.8,2023-02-22,2023-02-10,51.0,12.0
Chikkamagaluru,2023-05-17,1482.0,2023-05-29,833.0,43.8,2023-05-18,2023-05-17,12.0,1.0
Chikkamagaluru,2023-07-13,5950.0,2023-08-29,250.0,95.8,2023-07-23,2023-07-03,57.0,20.0
Chikkamagaluru,2023-10-06,3866.5,2023-10-09,742.5,80.8,2023-10-09,2023-10-06,3.0,3.0
Chikkamagaluru,2023-11-10,2640.0,2023-11-14,1300.0,50.8,2023-11-13,2023-11-03,11.0,10.0
Chikkamagaluru,2023-11-27,2934.0,2023-12-17,90.0,96.9,2023-12-01,2023-11-18,29.0,13.0
Chikkamagaluru,2023-12-21,1232.5,2023-12-28,150.0,87.8,2023-12-28,2023-12-11,17.0,17.0
Chikkamagaluru,2024-01-08,2023.0,2024-01-26,165.0,91.8,2024-01-17,2023-12-29,28.0,19.0
Chikkamagaluru,2024-01-30,704.5,2024-01-31,205.0,70.9,2024-01-31,2024-01-20,11.0,11.0
Chikkamagaluru,2024-04-03,1604.0,2024-04-13,769.0,52.1,2024-04-04,2024-03-25,19.0,10.0
Chikkamagaluru,2024-04-22,2055.0,2024-04-23,1154.0,43.8,2024-04-23,2024-04-15,8.0,8.0
Chikkamagaluru,2024-04-29,2039.0,2024-05-03,1154.0,43.4,2024-05-03,2024-04-19,14.0,14.0
Chikkamagaluru,2024-06-04,2236.0,2024-06-09,1231.0,44.9,2024-06-06,2024-06-04,5.0,2.0
Chikkamagaluru,2024-06-12,3922.0,2024-06-13,2218.0,43.4,2024-06-13,2024-06-04,9.0,9.0
Chikkamagaluru,2024-06-18,3736.0,2024-07-01,1308.0,65.0,2024-06-24,2024-06-11,20.0,13.0
Chikkamagaluru,2024-07-15,3435.5,2024-08-01,1385.0,59.7,2024-07-18,2024-07-05,27.0,13.0
Chikkamagaluru,2024-09-05,2491.0,2024-09-08,1154.0,53.7,2024-09-06,2024-09-05,3.0,1.0
Chikkamagaluru,2024-10-05,2928.5,2024-10-06,1462.0,50.1,2024-10-06,2024-10-01,5.0,5.0
Chikkamagaluru,2024-10-15,2371.5,2024-10-26,1157.0,51.2,2024-10-16,2024-10-05,21.0,11.0
Chikkamagaluru,2024-11-04,1991.0,2024-11-05,1153.0,42.1,2024-11-05,2024-10-25,11.0,11.0
Chikkamagaluru,2024-11-28,2899.0,2024-12-15,769.0,73.5,2024-12-05,2024-11-18,27.0,17.0
Chikkamagaluru,2024-12-24,1979.0,2025-01-19,615.0,68.9,2024-12-27,2024-12-18,32.0,9.0
Chikkamagaluru,2025-01-25,1302.0,2025-02-04,769.0,40.9,2025-02-04,2025-01-25,10.0,10.0
Kalaburagi,2023-01-02,1000.0,2023-01-04,500.0,50.0,2023-01-04,2023-01-03,1.0,1.0
Kalaburagi,2023-01-30,1450.0,2023-02-08,850.0,41.4,2023-01-31,2023-01-20,19.0,11.0
Kalaburagi,2023-02-11,2500.0,2023-02-22,1400.0,44.0,2023-02-15,2023-02-01,21.0,14.0
Kalaburagi,2023-03-06,4200.0,2023-03-13,2500.0,40.5,2023-03-13,2023-02-24,17.0,17.0
Kalaburagi,2023-03-23,3250.0,2023-04-13,900.0,72.3,2023-03-31,2023-03-13,31.0,18.0
Kalaburagi,2023-04-08,2500.0,2023-04-21,800.0,68.0,2023-04-12,2023-03-29,23.0,14.0
Kalaburagi,2023-05-12,2500.0,2023-05-26,900.0,64.0,2023-05-13,2023-05-09,17.0,4.0
Kalaburagi,2023-07-11,8800.0,2023-07-21,5250.0,40.3,2023-07-14,2023-07-01,20.0,13.0
Kalaburagi,2023-07-31,7250.0,2023-08-25,1250.0,82.8,2023-08-01,2023-08-21,4.0,-20.0
Kalaburagi,2023-08-21,1500.0,2023-09-29,300.0,80.0,2023-08-25,2023-08-21,39.0,4.0
Kalaburagi,2023-10-28,750.0,2023-10-30,450.0,40.0,2023-10-30,2023-10-18,12.0,12.0
Kalaburagi,2023-11-02,1050.0,2023-11-09,600.0,42.9,2023-11-04,2023-11-02,7.0,2.0
Kalaburagi,2023-11-25,1662.0,2023-12-07,900.0,45.8,2023-11-29,2023-11-16,21.0,13.0
Kalaburagi,2023-12-19,1250.0,2024-01-09,475.0,62.0,2023-12-21,2023-12-09,31.0,12.0
Kalaburagi,2024-02-01,1250.0,2024-02-15,650.0,48.0,2024-02-02,2024-01-23,23.0,10.0
Kalaburagi,2024-02-19,700.0,2024-03-01,375.0,46.4,2024-02-29,,,
Kalaburagi,2024-03-05,625.0,2024-03-15,325.0,48.0,2024-03-13,2024-03-11,4.0,2.0
Kalaburagi,2024-04-05,875.0,2024-04-15,500.0,42.9,2024-04-06,2024-03-26,20.0,11.0
Kalaburagi,2024-04-13,900.0,2024-04-15,500.0,44.4,2024-04-15,2024-04-03,12.0,12.0
Kalaburagi,2024-07-16,3500.0,2024-07-30,1250.0,64.3,2024-07-23,2024-07-06,24.0,17.0
Kalaburagi,2024-10-13,2500.0,2024-10-28,1375.0,45.0,2024-10-21,2024-10-11,17.0,10.0
Kalaburagi,2024-10-28,1375.0,2024-11-07,250.0,81.8,2024-11-07,2024-10-26,12.0,12.0
Kalaburagi,2024-12-03,2250.0,2024-12-13,825.0,63.3,2024-12-06,2024-12-13,0.0,-7.0
Kalaburagi,2024-12-20,1500.0,2025-01-01,500.0,66.7,2024-12-21,2024-12-13,19.0,8.0
Kalaburagi,2025-01-07,500.0,2025-01-18,300.0,40.0,2025-01-13,2024-12-31,18.0,13.0
Kalaburagi,2025-01-16,625.0,2025-01-18,300.0,52.0,2025-01-17,,,
Kalaburagi,2025-01-28,625.0,2025-02-05,375.0,40.0,2025-01-30,2025-01-24,12.0,6.0
Kalaburagi,2025-02-03,625.0,2025-02-05,375.0,40.0,2025-02-05,2025-01-24,12.0,12.0
Kalaburagi,2025-02-10,625.0,2025-02-13,375.0,40.0,2025-02-13,2025-02-10,3.0,3.0
Kalaburagi,2025-02-19,700.0,2025-02-20,375.0,46.4,2025-02-20,2025-02-10,10.0,10.0
Kalaburagi,2025-03-13,750.0,2025-03-28,350.0,53.3,2025-03-20,2025-03-13,15.0,7.0
Kalaburagi,2025-04-13,900.0,2025-05-02,450.0,50.0,2025-04-15,2025-04-10,22.0,5.0
Kalaburagi,2025-07-22,900.0,2025-07-25,500.0,44.4,2025-07-23,,,
Kalaburagi,2025-07-28,3000.0,2025-08-12,750.0,75.0,2025-08-04,2025-07-28,15.0,7.0
Kalaburagi,2025-09-01,3000.0,2025-09-02,750.0,75.0,2025-09-02,2025-09-01,1.0,1.0
Kalaburagi,2025-12-21,1250.0,2025-12-31,750.0,40.0,2025-12-31,2025-12-22,9.0,9.0
Kolar,2023-01-15,1333.0,2023-01-27,800.0,40.0,2023-01-23,2023-01-08,19.0,15.0
Kolar,2023-03-09,1175.0,2023-03-26,530.0,54.9,2023-03-13,2023-02-27,27.0,14.0
Kolar,2023-04-19,800.0,2023-04-26,400.0,50.0,2023-04-20,,,
Kolar,2023-07-30,8000.0,2023-09-08,367.0,95.4,2023-08-03,2023-07-27,43.0,7.0
Kolar,2024-02-03,1416.5,2024-02-15,765.0,46.0,2024-02-05,,,
Kolar,2024-04-04,1330.0,2024-04-15,733.0,44.9,2024-04-08,2024-04-01,14.0,7.0
Kolar,2024-05-13,1800.0,2024-05-16,800.0,55.6,2024-05-14,2024-05-13,3.0,1.0
Kolar,2024-05-20,2166.5,2024-05-21,1200.0,44.6,2024-05-21,2024-05-13,8.0,8.0
Kolar,2024-06-18,4667.0,2024-06-28,2500.0,46.4,2024-06-23,2024-06-26,2.0,-3.0
Kolar,2024-07-15,2898.0,2024-08-03,1200.0,58.6,2024-07-24,2024-07-05,29.0,19.0
Kolar,2024-08-04,1580.0,2024-08-13,866.0,45.2,2024-08-09,2024-07-29,15.0,11.0
Kolar,2024-10-05,3500.0,2024-10-11,2000.0,42.9,2024-10-06,2024-10-05,6.0,1.0
Kolar,2024-10-19,2250.0,2024-10-30,1165.0,48.2,2024-10-28,,,
Kolar,2024-11-04,1955.0,2024-11-17,960.0,50.9,2024-11-05,2024-11-11,6.0,-6.0
Kolar,2024-11-11,2250.0,2024-11-17,960.0,57.3,2024-11-13,2024-11-11,6.0,2.0
Kolar,2024-11-28,1660.0,2024-12-14,930.0,44.0,2024-12-08,2024-11-27,17.0,11.0
Kolar,2024-12-16,1590.0,2024-12-17,930.0,41.5,2024-12-17,2024-12-06,11.0,11.0
Kolar,2024-12-21,1000.0,2025-01-06,533.0,46.7,2024-12-31,2024-12-16,21.0,15.0
Kolar,2025-01-08,960.0,2025-01-15,465.0,51.6,2025-01-09,2025-01-01,14.0,8.0
Kolar,2025-01-12,696.5,2025-02-03,310.0,55.5,2025-01-13,2025-01-04,30.0,9.0
Kolar,2025-02-10,1175.0,2025-02-13,635.0,46.0,2025-02-11,2025-02-06,7.0,5.0
Kolar,2025-03-30,865.0,2025-04-03,460.0,46.8,2025-04-02,,,
Kolar,2025-04-09,920.0,2025-04-15,530.0,42.4,2025-04-10,,,
Kolar,2025-05-03,850.0,2025-05-07,460.0,45.9,2025-05-05,,,
Kolar,2025-05-17,600.0,2025-05-27,316.5,47.2,2025-05-27,,,
Kolar,2025-06-09,1565.0,2025-06-19,855.0,45.4,2025-06-11,2025-05-30,20.0,12.0
Kolar,2025-08-19,1800.0,2025-09-06,1060.0,41.1,2025-08-29,2025-08-09,28.0,20.0
Kolar,2025-09-02,1530.0,2025-09-15,900.0,41.2,2025-09-05,2025-08-27,19.0,9.0
Kolar,2025-09-27,1600.0,2025-10-08,710.0,55.6,2025-10-02,2025-09-27,11.0,5.0
Kolar,2025-11-28,2500.0,2025-12-09,1230.0,50.8,2025-12-06,2025-11-18,21.0,18.0
Mandya,2023-01-18,2200.0,2023-01-20,1000.0,54.5,2023-01-19,2023-01-13,7.0,6.0
Mandya,2023-02-16,2000.0,2023-02-17,1000.0,50.0,2023-02-17,2023-02-06,11.0,11.0
Mandya,2023-02-22,2500.0,2023-02-24,1000.0,60.0,2023-02-23,2023-02-12,12.0,11.0
Mandya,2023-03-18,2000.0,2023-03-31,850.0,57.5,2023-03-19,2023-03-08,23.0,11.0
Mandya,2023-04-02,1000.0,2023-04-10,600.0,40.0,2023-04-10,2023-03-23,18.0,18.0
Mandya,2023-04-23,1000.0,2023-05-03,500.0,50.0,2023-04-24,,,
Mandya,2023-05-19,1000.0,2023-05-29,600.0,40.0,2023-05-29,,,
Mandya,2023-06-12,1690.0,2023-06-14,1000.0,40.8,2023-06-14,2023-06-05,9.0,9.0
Mandya,2023-06-19,2080.0,2023-06-20,1000.0,51.9,2023-06-20,2023-06-12,8.0,8.0
Mandya,2023-06-26,2385.0,2023-06-27,1000.0,58.1,2023-06-27,2023-06-17,10.0,10.0
Mandya,2023-07-28,9000.0,2023-08-19,1800.0,80.0,2023-08-05,2023-07-18,32.0,18.0
Mandya,2023-08-25,5250.0,2023-09-04,1850.0,64.8,2023-08-27,2023-08-22,13.0,5.0
Mandya,2023-08-30,2500.0,2023-09-23,600.0,76.0,2023-09-04,2023-08-22,32.0,13.0
Mandya,2023-11-08,2000.0,2023-11-10,1000.0,50.0,2023-11-10,2023-11-03,7.0,7.0
Mandya,2024-04-06,2000.0,2024-04-07,1000.0,50.0,2024-04-07,2024-04-01,6.0,6.0
Mandya,2024-04-21,2000.0,2024-04-27,1000.0,50.0,2024-04-27,2024-04-15,12.0,12.0
Mandya,2024-05-18,8200.0,2024-05-19,2000.0,75.6,2024-05-19,2024-05-09,10.0,10.0
Mandya,2024-06-06,3500.0,2024-06-07,2000.0,42.9,2024-06-07,,,
Mandya,2024-06-29,2000.0,2024-07-09,1000.0,50.0,2024-07-09,2024-06-27,12.0,12.0
Mandya,2024-07-14,2000.0,2024-07-19,1000.0,50.0,2024-07-19,2024-07-05,14.0,14.0
Mandya,2024-07-23,2000.0,2024-07-29,1000.0,50.0,2024-07-28,2024-07-14,15.0,14.0
Mandya,2024-08-25,2000.0,2024-08-26,1000.0,50.0,2024-08-26,2024-08-25,1.0,1.0
Mandya,2024-10-18,4000.0,2024-11-03,2000.0,50.0,2024-10-28,2024-10-08,26.0,20.0
Mandya,2024-12-03,3500.0,2024-12-12,1000.0,71.4,2024-12-09,2024-12-08,4.0,1.0
Mandya,2024-12-15,4000.0,2024-12-29,500.0,87.5,2024-12-18,2024-12-08,21.0,10.0
Mandya,2025-08-21,3500.0,2025-09-15,1000.0,71.4,2025-08-29,2025-08-21,25.0,8.0
Mysuru,2023-01-18,4000.0,2023-02-05,1075.0,73.1,2023-01-19,2023-01-08,28.0,11.0
Mysuru,2023-02-10,3000.0,2023-02-11,1800.0,40.0,2023-02-11,2023-01-31,11.0,11.0
Mysuru,2023-02-18,2200.0,2023-03-27,400.0,81.8,2023-02-23,2023-02-08,47.0,15.0
Mysuru,2023-05-04,850.0,2023-05-06,500.0,41.2,2023-05-06,2023-04-28,8.0,8.0
Mysuru,2023-07-28,8900.0,2023-09-10,700.0,92.1,2023-08-06,2023-07-18,54.0,19.0
Mysuru,2023-09-03,1100.0,2023-09-13,600.0,45.5,2023-09-10,2023-08-26,18.0,15.0
Mysuru,2023-09-15,1383.0,2023-09-26,700.0,49.4,2023-09-20,2023-09-15,11.0,5.0
Mysuru,2023-10-17,1383.0,2023-10-26,800.0,42.2,2023-10-26,2023-10-17,9.0,9.0
Mysuru,2023-11-09,2500.0,2023-11-10,1383.0,44.7,2023-11-10,2023-10-30,11.0,11.0
Mysuru,2023-11-27,2333.0,2023-11-28,1383.0,40.7,2023-11-28,2023-11-17,11.0,11.0
Mysuru,2023-12-02,3000.0,2023-12-16,1383.0,53.9,2023-12-06,2023-11-22,24.0,14.0
Mysuru,2024-02-02,2000.0,2024-03-01,600.0,70.0,2024-02-05,2024-01-23,38.0,13.0
Mysuru,2024-06-19,5900.0,2024-07-09,2900.0,50.8,2024-06-25,2024-06-14,25.0,11.0
Mysuru,2024-07-16,4400.0,2024-08-08,800.0,81.8,2024-07-22,2024-07-26,13.0,-4.0
Mysuru,2024-08-11,1200.0,2024-08-21,700.0,41.7,2024-08-18,2024-08-01,20.0,17.0
Mysuru,2024-09-23,2700.0,2024-10-03,1383.0,48.8,2024-10-03,2024-09-13,20.0,20.0
Mysuru,2024-10-18,4100.0,2024-11-12,1291.5,68.5,2024-10-22,2024-10-08,35.0,14.0
Mysuru,2024-12-02,3100.0,2024-12-16,1388.0,55.2,2024-12-07,2024-12-02,14.0,5.0
Mysuru,2025-02-13,1291.5,2025-03-13,500.0,61.3,2025-02-23,2025-03-01,12.0,-6.0
Mysuru,2025-04-19,2083.0,2025-04-20,900.0,56.8,2025-04-20,2025-04-10,10.0,10.0
Mysuru,2025-04-23,2083.0,2025-05-06,800.0,61.6,2025-04-24,2025-04-13,23.0,11.0
Mysuru,2025-07-03,2700.0,2025-07-16,1500.0,44.4,2025-07-07,,,
Mysuru,2025-08-21,3700.0,2025-09-07,1700.0,54.1,2025-08-29,2025-08-13,25.0,16.0
Mysuru,2025-08-28,3300.0,2025-09-17,1100.0,66.7,2025-08-29,2025-08-20,28.0,9.0
Mysuru,2025-11-24,4900.0,2025-12-11,2100.0,57.1,2025-11-27,2025-11-14,27.0,13.0
Shivamogga,2023-01-16,1800.0,2023-01-19,800.0,55.6,2023-01-17,2023-01-06,13.0,11.0
Shivamogga,2023-05-26,1500.0,2023-06-07,25.0,98.3,2023-05-29,2023-05-26,12.0,3.0
Shivamogga,2023-07-24,11000.0,2023-08-25,12.0,99.9,2023-07-26,2023-07-14,42.0,12.0
Shivamogga,2023-08-29,1200.0,2023-09-13,450.0,62.5,2023-08-31,2023-08-30,14.0,1.0
Shivamogga,2023-09-11,500.0,2023-09-21,5.0,99.0,2023-09-21,2023-09-06,15.0,15.0
Shivamogga,2023-10-10,1100.0,2023-10-11,500.0,54.5,2023-10-11,2023-10-10,1.0,1.0
Shivamogga,2023-11-02,1200.0,2023-11-17,12.0,99.0,2023-11-03,2023-11-02,15.0,1.0
Shivamogga,2023-11-13,1400.0,2023-11-17,12.0,99.1,2023-11-17,2023-11-06,11.0,11.0
Shivamogga,2023-11-28,1600.0,2023-12-08,16.0,99.0,2023-12-04,2023-11-22,16.0,12.0
Shivamogga,2024-02-11,1500.0,2024-03-05,5.0,99.7,2024-02-21,2024-02-06,28.0,15.0
Shivamogga,2024-03-21,1500.0,2024-03-22,800.0,46.7,2024-03-22,2024-03-20,2.0,2.0
Shivamogga,2024-06-15,5000.0,2024-07-05,2200.0,56.0,2024-06-24,2024-06-14,21.0,10.0
Shivamogga,2024-07-14,2600.0,2024-08-13,600.0,76.9,2024-07-24,2024-07-04,40.0,20.0
Shivamogga,2024-10-27,2600.0,2024-11-06,1200.0,53.8,2024-11-06,2024-10-23,14.0,14.0
Shivamogga,2024-11-26,3000.0,2024-12-12,600.0,80.0,2024-12-05,2024-11-16,26.0,19.0
Shivamogga,2024-12-23,1800.0,2025-01-03,600.0,66.7,2024-12-26,2024-12-14,20.0,12.0
Shivamogga,2025-01-24,1200.0,2025-02-05,600.0,50.0,2025-01-27,2025-01-24,12.0,3.0
Shivamogga,2025-04-16,600.0,2025-04-25,250.0,58.3,2025-04-25,,,
Shivamogga,2025-06-08,1200.0,2025-06-18,700.0,41.7,2025-06-09,2025-06-05,13.0,4.0
Shivamogga,2025-08-22,1800.0,2025-09-03,800.0,55.6,2025-08-28,,,
Shivamogga,2025-11-23,2800.0,2025-12-08,1500.0,46.4,2025-11-27,2025-11-13,25.0,14.0
